date,temperature,temp_max,temp_min,humidity,windspeed,rolling_avg_temp,day_of_week,month,week_of_year,temp_rolling_mean,humidity_rolling_mean,windspeed_rolling_mean,temp_lag_1,temp_lag_3,humidity_lag_1,windspeed_lag_1,temp_delta,humidity_delta,windspeed_delta,temp_pct_change,humidity_pct_change,windspeed_pct_change,target_temp_next_day,city_London,city_Manchester,predicted_temperature,prediction_error
2026-03-31,-0.9408063605937536,13.3,8.0,1.247381009162092,1.1006593066840098,10.92,1,3,14,-1.2724861686245408,0.8606794697333284,0.6599167028616568,-0.9090187467950194,-0.8528434317756298,1.2046416437047343,1.0895515303841428,-0.9553610315285723,-0.15150308694765663,-0.10808210705333708,-1.3155791693987147,-0.18040763393193182,-0.22499014473549256,9.36,False,False,8.966009809034666,0.39399019096533294
2026-04-01,-1.206269628866922,12.8,5.0,1.0604726504929534,0.9618775447889215,10.14,2,4,14,-1.2724861686245408,0.8606794697333284,0.6599167028616568,-0.9090187467950194,-0.8528434317756298,1.2046416437047343,1.0895515303841428,-0.9553610315285723,-0.15150308694765663,-0.10808210705333708,-1.3155791693987147,-0.18040763393193182,-0.22499014473549256,6.22,False,False,5.473819677944334,0.7461803220556655
2026-04-02,-1.7405995406475299,10.0,2.0,-0.15929345897212732,-0.5698619013124251,8.83,3,4,14,-1.2724861686245408,0.8606794697333284,0.6599167028616568,-1.1739133753753863,-0.8528434317756298,1.0167275404067408,0.9495529993777571,-1.8334706474768812,-1.3511465252852701,-1.396698517588067,-2.8993609683116293,-1.2247233291164443,-1.1370554518863716,7.54,False,False,7.003244520553039,0.5367554794469607
2026-04-03,-1.5159767751856181,9.9,3.3,0.7061030456173587,1.9898905958636506,7.71,4,4,14,-1.4663980021495293,0.6373189744230665,1.0619695616138132,-1.7070987175179195,-0.8528434317756298,-0.20960207013335191,-0.595615972470502,0.6452438380480934,1.0707277801452648,2.3883149982261203,1.6040718653082624,1.033020246007786,2.48814644061397,6.54,False,False,6.242427951336509,0.29757204866349074
2026-04-04,-1.6861455368991876,11.2,2.5,1.1123316170601125,1.2702814601113401,6.77,5,4,14,-1.628182431303514,0.6587187823569833,1.2014098594469313,-1.4829571087191475,-1.1160632413638454,0.6604510902232595,1.9865791549806153,-0.644132306888665,0.5374134900893166,-0.6454018649515826,-1.2314523915123075,0.4316057227749556,-0.5148420254871169,5.96,False,False,5.727203151768919,0.23279684823108138
2026-04-05,-1.7848434186930575,8.3,4.0,-0.7805206626412337,2.9870632554061376,6.68,6,4,14,-1.6430987261900516,0.4023669164819319,2.809621294455558,-1.6527613578091263,-1.645877473483715,1.0688655575067614,1.2606608460586144,-0.41071076340873464,-2.132922531649633,1.6084880929578704,-0.8701426972462923,-1.890085860054259,0.9067936360353761,7.12,False,False,4.975780059482901,2.1442199405170994
2026-04-06,-1.5874476551053172,12.2,1.4,-0.5666024255516975,-0.37710945423591336,6.54,0,4,15,-1.6671942794683046,-0.12282003656295419,1.7394170085863778,-1.7512478222813137,-1.4231530192167632,-0.8341720666440277,2.992494525915388,0.556321345293834,0.3140489168423571,-3.0918710281254507,1.4594543709039687,0.2838871305358814,-1.6201483435689013,9.63,False,False,8.899076278142168,0.7309237218578328
2026-04-07,-1.160324063204258,15.6,4.8,0.5267574529059301,0.17544756071675363,7.57,1,4,15,-1.4899198517783,-0.36445953448343665,1.2444039512788099,-1.5542748933369384,-1.5918836663886964,-0.619102746106438,-0.40117356829496614,1.3066048779078963,1.3355026394436287,0.5314710561087334,2.757782176043428,1.3881691755304058,0.3914210518117609,9.64,False,False,9.570379512823337,0.06962048717666391
2026-04-08,-1.1586223755871223,13.7,4.8,0.8735642918238131,-0.3411289974482977,8.8,2,4,15,-1.2787969087688453,0.31810517274213324,-0.2603892628369217,-1.1280662281210918,-1.6897474417484177,0.4801404477523518,0.15622799034157034,-0.08280907137740398,0.4683963466703121,-0.45757770179246127,-0.1323815460273057,0.3778308906533253,-0.5518631426341118,8.2,False,False,9.827747915892218,-1.6277479158922183
2026-04-09,-1.4036653924546625,10.2,5.8,0.7115050213014376,1.1186495350778176,9.16,3,4,15,-1.2168369146247662,0.8455212724468042,0.41589618165370007,-1.126368185630192,-1.4940198910289755,0.8288134371087458,-0.3648776528488659,-0.8886691619628784,-0.12264137242698316,1.3707359876931602,-1.3691943143034222,-0.16365048454836514,1.2422277942196354,8.08,False,False,8.291332843245158,-0.21133284324515778
2026-05-11,-1.4240856438602907,11.2,4.9,-1.192151209768067,-0.9707869912315695,8.64,0,5,20,-1.3057609802945094,0.1362068053038364,-0.10235692529272143,-1.3708863043197617,-1.0705059666274233,0.6658821336711782,1.1076994881071929,-0.15505859674023903,-2.1454711031803613,-1.912620586012488,-0.26125101611519985,-2.0014654422112224,-1.4521263132739135,9.75,False,False,9.174350307378113,0.5756496926218873
2026-05-12,-1.1399038117986298,13.6,6.0,-0.3872568328402689,1.8613889644793096,8.68,1,5,20,-1.2994502401502048,-0.38407602508952676,0.8934792017321287,-1.391262814210559,-1.068818660155704,-1.248017577375449,-1.000056173155617,0.839761790948035,1.000455779573186,2.640332229806713,1.558555742376932,1.1349810553668778,3.2784494096474055,7.75,False,False,9.469989428635984,-1.7199894286359836
2026-05-13,-1.4802413352257686,10.9,5.8,1.1663513739009044,-0.5827120644508589,8.53,2,5,20,-1.325266904376905,-0.19638187633579543,0.12423355868609533,-1.1076897182302945,-1.3117907920832876,-0.4387921036355303,1.856950885530258,-1.1998978866027847,1.8700717866526468,-2.240718491277788,-1.8276100520900531,1.9166954336990283,-1.451836036567082,8.18,False,False,9.41292675768446,-1.23292675768446
2026-05-14,-1.4070687676889337,11.3,4.6,0.21992523405023204,-0.5158912161310016,8.56,3,5,20,-1.3195298678820824,0.3863170605314952,0.32990799798994486,-1.447298216410252,-1.3320384697439196,1.1231759919859505,-0.6085787994155375,0.15061247210252632,-1.033667665557846,0.08211957715843086,0.31530234568738225,-0.9369544258226113,-0.06843142401031502,9.16,False,False,8.75809185679077,0.40190814320922996
2026-05-15,-1.2403033812096356,13.0,5.2,-1.7345095684496177,0.11890684290764336,8.36,4,5,20,-1.3533783832015331,-0.16963211641839845,-0.457929684767172,-1.374282389301561,-1.0502582889667915,0.1716571799105568,-0.5411720993013518,0.45628354094529266,-2.2044493893747843,0.6075517297934402,0.8441852096565977,-2.197498651362874,0.5009412684963302,9.25,False,False,7.303550130409974,1.946449869590026
2026-05-16,-1.2249881926554145,14.9,5.0,-1.2224022735989106,-1.5670345608549123,8.86,5,5,20,-1.267322835779201,-1.155360769374463,-0.902976635351207,-1.2078742251933818,-1.3877195833106575,-1.7932943395465086,0.09919155178341295,-0.03834782500027435,0.6603894910904539,-1.5393497807468928,-0.06013021409188189,0.7992897863059305,-1.5130133470914846,10.41,False,False,8.899556179908714,1.510443820091286
2026-05-17,-1.027592429067674,14.8,7.1,0.3830648997094225,-0.3411289974482977,9.61,6,5,20,-1.139386921944667,-1.0880405402490143,-0.8239604665791068,-1.1925918427752837,-1.3151654050267263,-1.278431420683795,-1.6015313434052747,0.556321345293834,1.9303049300001416,1.154381571902274,0.8902401047608628,2.2724966593191454,1.8648903066178626,10.61,False,False,9.65841614458543,0.9515838554145688
2026-05-18,-0.9935586767249601,15.5,5.7,0.10108176900048904,-1.294611102320109,10.09,0,5,21,-1.0561998927697462,-0.33057650525473464,-1.4630618316475643,-0.9956189138309085,-1.149809370798232,0.33567469203770717,-0.3648776528488659,0.02278638876827852,-0.26193051641806553,-0.8617562807424687,0.017055199470605624,-0.3069553048448807,-1.038360239283422,13.17,False,False,10.789471344623237,2.3805286553767626
2026-05-19,-0.5579266467382225,16.9,9.4,0.4100747781298184,0.6766039231156838,11.4,1,5,21,-0.8313080621727181,0.3430716153317035,-0.4486336649116306,-0.9616580640129129,-1.134623612552758,0.05217422405633963,-1.326719412170517,1.3343931568936023,0.42447634631276426,1.8438626771699336,1.8430470003865704,0.35735528525238475,2.633714614088675,14.66,False,False,13.30912464034376,1.3508753596562393
2026-05-20,-0.304375191785004,18.7,11.3,0.44140623709747834,0.9541674469058607,12.81,2,5,21,-0.587484011142777,0.36714639925736137,0.1370155859874646,-0.5269591863425673,-0.9388960618333155,0.3628299092773018,0.6617782411979636,0.7397239865994937,0.10197805797305157,0.2770763034754933,0.7893528259074989,0.037824778731983304,0.05702749619351923,15.21,False,False,14.307360038965435,0.9026399610345663
2026-05-21,-0.21078237284254073,18.1,12.6,1.3619028936645712,0.26025863743041877,14.35,3,5,21,-0.32358033238095846,0.8874292296507235,0.8400270875627672,-0.273950855198499,-0.905149932398929,0.3943299612752322,0.9417753032107353,0.21730434166822124,1.1347254949519772,-0.6216266544251112,0.16756814584906018,1.0087008283955388,-0.5910383576173103,17.57,False,False,16.388782079909973,1.1812179200900275
2026-05-22,0.19081590480148292,21.6,13.7,0.7028618602069111,-0.5801420318231721,15.81,4,5,21,-0.07115072660878412,1.0082489786109652,0.27180787389281136,-0.18055851819901056,-0.47319947563878045,1.3197797648006158,0.24178264817880615,1.2232400409507778,-0.6998756628404774,-0.7571453544259962,1.1349095044770277,-0.6358535417767369,-0.795446998418436,20.46,False,False,18.002494850233404,2.4575051497665967
2026-06-23,0.6826036261536985,27.1,14.9,0.6531636839133818,-1.117278851009718,17.75,1,6,26,0.2615973900909003,1.095631527674461,-0.6647661265529637,0.2201795096533391,-0.22179081135260018,0.657192464154508,-0.6059862340265304,1.5177957981992618,0.007863771492588637,-0.47659787021363814,1.2115758316511067,-0.04893989478571945,-0.6903396175297196,20.24,False,False,21.372691296385156,-1.1326912963851576
2026-06-24,0.6451664985767128,24.7,15.8,-0.41642750153429603,0.010965472544796816,19.42,2,6,26,0.550170325780454,0.3617964472738812,-0.7774803673014004,0.7109137895233777,-0.12898895540803687,0.6072268644336531,-1.147832400329024,-0.21063515471165278,-1.176721381008147,1.064035771901684,-0.22933528543492684,-1.1317558949686397,1.3168691578320344,18.86,False,False,19.651902811419752,-0.791902811419753
2026-06-25,0.41033360741198727,21.4,16.2,0.6445205228188552,-0.9527967628377617,19.85,3,6,26,0.6241780965636602,0.33772166334822334,-0.9459707271830848,0.673556854723582,0.269215371917725,-0.468119738254292,-0.009696194554887154,-0.85532322718003,1.2978569248514429,-0.8712663649530571,-0.7015528301284857,1.315893558795145,-0.9497485047510547,15.74,False,False,19.215523311691705,-3.4755233116917044
2026-06-26,-0.12059292913434908,19.9,13.5,2.7923460548087404,-0.07384560416886836,18.28,4,6,26,0.3533899740080543,1.2204637406223124,-0.4741977195143698,0.4392269909794115,0.7568469422446116,0.5985371949169831,-0.9819082154325668,-1.8223553358825986,2.560243220842697,0.8334162297949153,-1.5011827786133212,2.285689801027642,0.9144618274430454,19.41,False,False,15.11996967108255,4.2900303289174495
2026-06-27,0.5039264263544506,24.3,13.0,0.8497955988138649,1.054398719385647,18.0,5,6,26,0.30577257110103095,1.7429757176754594,-0.0024247118456540654,-0.09056226618132196,0.7197261998667859,2.7579200698095465,-0.09525085239212298,1.951292950376275,-2.190645960690983,1.0640357719016842,1.7762966782961216,-1.6022114464446005,0.8392060868401355,17.29,False,False,18.2241710907373,-0.9341710907373013
2026-06-28,0.1431686515216833,19.3,13.8,-0.3062271975790811,1.5272847228800224,17.48,6,6,26,0.2157010981323233,1.3506459055536422,1.1189076832290032,0.5326193279788999,0.4868779067695185,0.8049168459379027,1.0428853533820142,-1.2665897561684796,-1.2771099532539736,0.457767903476673,-1.0390108019044657,-1.1922722401360133,0.16471927626466634,15.82,False,False,15.34806500736957,0.47193499263043037
2026-06-29,-0.10697942819726351,19.5,12.4,-0.35268418846216204,1.768867789882584,17.51,0,6,27,0.2202907273281811,0.05283672022795199,1.9520634627818838,0.17263431990814485,-0.03956171240691248,-0.3573264519167465,1.519917384959329,-0.9053421293543007,0.011628342951808117,0.24379100873843415,-0.8400086901188326,-0.05304355684377499,0.00172239799032129,15.6,False,False,17.171899417549184,-1.5718994175491847
2026-06-30,-0.1444165557742489,21.8,11.5,1.0410255380302675,-1.1840996993295758,16.24,1,6,27,0.0017096368754574984,0.13174851198426862,0.9399593010098345,-0.07697792625412365,0.5796797627140817,-0.40403342556884914,1.763618531526001,-0.2106351547116518,1.6843529279978706,-2.7114676597019147,-0.25526743002019026,1.710690947278171,-1.754801600102543,16.84,False,False,17.694203109033197,-0.8542031090331967
2026-07-01,0.0665927087505772,23.4,12.3,1.0961256900078757,0.11119674502458306,16.09,2,7,27,-0.024107027351242517,0.7104349848639506,0.29969593345943496,-0.11433486105391907,0.22197079070958356,0.997175783994232,-1.2152391004432102,0.6007825916709637,0.12958491534065336,1.218574640323746,0.5126722764462408,0.059078511432984565,1.5861665550779167,15.98,False,False,16.698500483818478,-0.7185004838184774
2026-07-02,-0.07975242632309239,20.2,12.6,0.014650158055222384,2.550157708699378,16.14,3,7,27,-0.014927768959526874,0.8620169577291971,0.6529446879700005,0.09622240781765456,-0.026063260633157826,1.0525724271630055,0.09141385561639168,-0.5663251257286879,-1.1905248096919496,2.276571508751706,-0.5608397818128154,-1.0806096627093436,1.8574420647302372,15.29,False,False,14.081661605285369,1.2083383947146302
2026-07-03,-0.19716887190545548,19.4,10.6,0.6510028936397505,1.074958980407141,16.04,4,7,27,-0.032712582093475856,0.7010725688928608,1.674344869597589,-0.04980924639972703,-0.0631840030109832,-0.03472247111036277,2.5517584097841732,-0.4718449771772885,0.8046980636938275,-1.344393054429831,-0.49596410152590137,0.7414232300807782,-0.836507844562811,16.61,False,False,16.002187664858205,0.6078123351417943
2026-07-04,0.027453893556456162,20.5,12.9,1.3737872401695452,2.2854443480476347,15.96,5,7,27,-0.04590776603156671,0.81565070720571,2.6573989693210707,-0.16697417827181255,0.1460419994822138,0.6050544470544861,1.063625876494071,0.6452438380480934,0.9050866359396523,1.1401164455863917,0.5689458355807919,0.7708139261918292,0.6321245288400651,16.02,False,False,16.495674887227253,-0.47567488722725315
2026-07-05,-0.07294567585454975,19.1,13.2,1.617956541089925,1.6583563868920508,15.97,6,7,27,-0.04361295143363749,1.4772614358293181,2.2541841080869713,0.057167430526959384,0.0009336429143514848,1.3317280603860373,2.2847241747164366,-0.4162684192058757,0.34918491712839606,-0.5598111070562862,-0.4329936566901113,0.23998178491775077,-0.44873538006337604,16.75,False,False,15.855574981569909,0.8944250184300913
2026-07-06,0.05127752019635597,23.3,13.8,1.2679085167615942,2.118392227247992,16.46,0,7,28,0.04014778139076514,1.7318299843765448,2.725957115755688,-0.04301707643612803,-0.11549050363428252,1.577211224231973,1.6521382197986938,0.3173421460167627,-0.34098651706165234,0.44588029821343733,0.23376829883750258,-0.32587520989626323,0.12036296434372859,17.64,False,False,18.09061700206339,-0.45061700206338884
2026-07-07,0.20272771812143284,23.0,13.4,1.0421059331670839,2.072131639949629,16.8,1,7,28,0.0992392572874333,1.5949603794658664,2.6295109097544476,0.0809400253995565,0.10723395063266913,1.2252796088068276,2.1162074244309728,0.4062646387710219,-0.19667794445827969,-0.02249134915804152,0.29598296470359187,-0.21810973580311577,-0.1609870545417798,19.47,False,False,18.644785548117895,0.8252144518821041
2026-07-08,0.5141365520572645,25.6,15.0,0.6931383039755682,0.7331446409247941,17.95,2,7,28,0.2971670163587976,1.2133304713110056,2.2111900162550944,0.23206580708963764,0.007682868801228662,0.9982619926838163,2.069541247428844,0.9286842837022934,-0.3397316599085807,-1.2183844386395344,0.7121061538642539,-0.3487292669785527,-0.8289455139216214,20.52,False,False,21.008304462398456,-0.4883044623984567
2026-07-09,0.6928137518565125,25.9,16.3,0.18967417021938848,-0.28972834489456145,19.21,3,7,28,0.5134532922135926,0.7683927980183104,1.1223936906748317,0.5428075829242984,0.13085624123673986,0.6474165859482537,0.7188146797561209,0.4951871315252812,-0.5191762327979923,-0.9259493491639406,0.3025182434460425,-0.5280719680618832,-0.8432555373674513,18.78,False,False,21.280915975718067,-2.5009159757180655
2026-07-10,0.396720106474902,23.5,14.1,1.090723714323797,-0.48248079197107313,19.59,4,7,28,0.5788555082545649,0.7884551179563568,-0.03263677637616272,0.7211020444687761,0.28102651721976035,0.14124333660221072,-0.3130263450687232,-1.055398835877113,1.1121380661966673,-0.1580100491589264,-0.838159249366078,1.0225096036992514,-0.31629040585900353,16.04,False,False,18.60128496536055,-2.5612849653605494
2026-07-11,-0.06954230062027844,19.0,14.1,2.8939031976694287,0.47871141078379864,18.45,5,7,28,0.38207515648216517,1.6966094671519725,-0.14767502208848504,0.4256426510522135,0.5898036015443975,1.047141383715087,-0.5074687492442591,-1.6111644155912346,2.1599437890124675,0.9094969034796225,-1.3405985322064105,1.8121948472890772,0.8174393710715738,16.11,False,False,15.37296326379132,0.7370367362086796
2026-07-12,-0.057630487300328534,18.8,13.9,1.3586617082541235,0.42988079085774916,16.98,6,7,28,0.12907184706050884,2.178996804329023,0.1776856728554575,-0.03962099145432853,0.7669707810749273,2.860023686630422,0.46215070624441346,-0.04946313659455651,-1.7175648139825324,-0.024868870210688575,-0.1050358616950873,-1.2523499642231282,-0.1732981776015913,15.29,False,False,15.026487624982146,0.26351237501785363
2026-07-13,-0.19716887190545548,22.1,12.5,0.6553244741870144,-0.23318762708545118,15.81,0,7,29,-0.07115072660878412,1.9993275835505109,0.29039991360389417,-0.027734694018029967,0.4733794549957641,1.3165211387318643,0.4128919638532778,-0.5440945025401236,-0.7513248061164625,-0.5930964017933462,-0.5594516275472596,-0.6790923932303375,-0.6326383350955102,15.56,False,False,15.721801858992556,-0.16180185899255584
2026-07-14,-0.1512233062427915,24.4,11.8,1.1220551732914554,-0.2974384427776217,15.65,1,7,29,-0.09868850178393013,1.2681674791416682,-0.06052483594278571,-0.16697417827181255,0.01105748174466725,0.6093992818128219,-0.2559899065105658,0.06168997934826806,0.6076854906613945,-0.03913399652657131,0.004279761932224738,0.4986874510451063,-0.19584355366127665,17.12,False,False,16.01779560413261,1.1022043958673926
2026-07-15,0.11423996203037681,27.5,12.0,1.4580580608411806,-0.3899596173743472,15.99,2,7,29,-0.040744433186226586,1.309183777681677,-0.4312036276824912,-0.12112703101751808,0.022868627046702613,1.0786414357130159,-0.32080404123574446,0.7786275771794822,0.45584777513958463,-0.0652867281056893,0.6834550555105517,0.33917960848062795,-0.22343828298458598,18.45,False,False,16.870527022996164,1.5794729770038352
2026-07-16,0.3405644151094238,26.5,11.9,0.9826842006422133,-1.1558293404250206,17.04,3,7,29,0.14054592005015307,1.4442700652645286,-0.848362518699902,0.1437675975628488,-0.11549050363428252,1.4164523381735725,-0.41413639524000156,0.6508014938452334,-0.4865499468180985,-0.6881972438992303,0.4978694045146679,-0.4523646195674282,-0.8734175035746423,16.91,False,False,18.417527772374832,-1.5075277723748322
2026-07-17,0.0785045220705271,25.9,12.8,1.1328591246596147,-0.7343439894843818,17.49,4,7,29,0.2179959127302519,1.4487283585840964,-1.0459029406301528,0.36960724885252016,-0.06993322889786038,0.9385205147567085,-1.1867208811641312,-0.9442457199342892,0.24001234481106054,0.41021748242373074,-0.8272520597559274,0.15616958410719836,0.4159432006035841,16.01,False,False,15.915277218952191,0.0947227810478104
2026-07-18,-0.0746473634716851,21.0,13.2,0.7860522857417301,-0.23318762708545118,17.12,5,7,29,0.15431480763772654,1.1714225141070862,-0.9750207892316514,0.10810870525395312,0.19328658069035523,1.0895035226088545,-0.7615401573669596,-0.5885557489172522,-0.3372219456024355,0.48392063505579147,-0.578551796285523,-0.34258346438144055,0.41032313563249273,17.81,False,False,14.984837331295928,2.8251626687040705
2026-07-19,0.2316564076127393,24.1,13.0,0.18535258967212445,-1.3511518201292192,16.91,6,7,29,0.11759777407086458,0.842400467123105,-1.0633329778592921,-0.044715118927027474,0.4176983414290259,0.7408305332524591,-0.2559899065105658,0.9120113163108692,-0.6321133765745464,-1.0139176281118834,0.7835461515336747,-0.6230404645417499,-1.156003169357992,18.68,False,False,16.80310277654909,1.8768972234509107
2026-07-20,0.37970323030354486,21.9,14.9,-0.4855727902905097,-0.7266338916013212,17.5,0,7,30,0.2191433200292165,0.1745481278521042,-1.0598469704134643,0.2609325294349337,0.15785314478424917,0.13689850184387492,-1.3837558507286745,0.3951493271767398,-0.7136790915242783,0.5980416455828522,0.26074604695890696,-0.7557898118267149,0.7667466453063034,12.42,False,False,19.04411709984514,-6.624117099845138
2026-03-31,-0.6855532180233995,16.3,9.2,0.43276307600295183,-1.194379829840323,12.42,1,3,14,-0.8123758417398051,-0.08938283666620844,-1.5618320426126888,-0.6543123731600513,-0.5997474610177302,0.3856402917585621,-1.2256093619992383,-0.08836672717454506,-0.2907922309387408,-0.1794077386327503,-0.14092008557740834,-0.3320139994655967,-0.42597742057473087,12.42,True,False,12.18332256668841,0.23667743331158952
2026-04-01,-0.6855532180233995,14.9,8.7,0.12593085714725372,-1.4102625705660161,12.42,2,4,14,-0.8123758417398051,-0.08938283666620844,-1.5618320426126888,-0.6543123731600513,-0.5997474610177302,0.3856402917585621,-1.2256093619992383,-0.08836672717454506,-0.2907922309387408,-0.1794077386327503,-0.14092008557740834,-0.3320139994655967,-0.42597742057473087,9.68,True,False,9.899349382553744,-0.21934938255374448
2026-04-02,-1.1518156251185796,12.0,6.4,-0.7124557690218356,-0.8165850335703598,11.51,3,4,14,-0.8123758417398051,-0.08938283666620844,-1.5618320426126888,-0.6543123731600513,-0.5997474610177302,0.0771570239167671,-1.4433848546758385,-1.6111644155912335,-0.9081819502505653,0.569511392951087,-1.9549266256492799,-0.9533460708024839,0.7497089192240827,11.69,True,False,8.979987543821636,2.7100124561783634
2026-04-03,-0.8097764140743052,15.8,7.9,1.5239621641869467,1.0800990456625157,11.26,4,4,14,-0.8542562081520065,0.3609047886099688,-0.5334598460934437,-1.119576015666593,-0.5997474610177302,-0.765740919200249,-0.8445022498151878,1.0287220880508359,2.6631415073946663,1.774914566643168,1.5664614546463282,2.902817622002472,2.0052680229648905,12.3,True,False,11.253955735722691,1.0460442642773096
2026-04-04,-0.7059734694290277,15.6,8.6,1.3467773617491492,1.8074182792978861,11.22,5,4,14,-0.861140651945793,0.8646919337209381,0.921367261298753,-0.7782694749957358,-0.5997474610177302,1.4827110682381832,1.068811007272086,0.25065027645106874,-0.14020937257000263,0.6931424876887358,0.28814700492019557,-0.16510450689442774,0.32446052804898146,10.95,True,False,10.977708826395812,-0.027708826395812736
2026-04-05,-0.9357012977423466,13.5,8.2,-1.704258504618774,1.974470400097529,11.65,6,4,14,-0.788280288461552,0.4554206069847697,2.18330195668847,-0.6746888830508486,-1.0620694342688268,1.3045728431464427,1.8025070123611078,-0.8386502597886077,-3.4781293997436906,0.17484289821166757,-1.0434020646108515,-2.961696641251013,-0.046490944393362606,10.84,True,False,10.24553246313991,0.5944675368600905
2026-04-06,-0.9544198615308391,19.7,4.5,-0.6173809969820416,-0.5518716729186173,11.36,0,4,15,-0.83704509866754,-0.42821312895323094,1.4454303806548887,-0.9039246193223202,-0.7229208334532414,-1.7628804962381626,1.9710237626465719,-0.14950094094309796,1.3279734965251915,-2.316799164962495,-0.22352168325251323,1.6826222200605714,-1.4666609336596965,13.13,True,False,13.432779900427647,-0.30277990042764635
2026-04-07,-0.5647333972067651,18.4,7.4,0.09135821276914767,0.2885289963349737,11.64,1,4,15,-0.7894276957605163,-0.946266812686812,0.758686913826782,-0.9226030867222177,-0.6199951386783621,-0.6701545545168758,-0.5774680147474519,1.18433645037079,0.8887734929497063,0.7977534140052086,1.59614496180779,0.9083385841932242,0.7189242652905844,11.96,True,False,13.594800031690099,-1.634800031690098
2026-04-08,-0.7638308484116413,14.9,7.0,0.46733572038105786,0.02895570093860465,11.98,2,4,15,-0.7314836271628125,-0.050149855454025366,-0.12094896500380364,-0.5337513563061663,-0.847781512360472,0.042398345850086755,0.2703008674578846,-0.7386124554400653,0.5022774898032776,-0.21982559652775102,-0.8736282269708959,0.4346742119985989,-0.33895507482120885,11.82,True,False,12.3218444432014,-0.5018444432013993
2026-04-09,-0.7876544750515411,16.6,9.0,-0.24248388450694636,0.23712834378123743,12.3,3,4,15,-0.6752606695135558,0.10455292273491734,0.23578579695258978,-0.7324223277414413,-0.8663418835493845,0.42039896982524244,0.00845176316816294,-0.16617390833452217,-0.7588539490348996,0.21288323505402168,-0.2371714151881842,-0.7689686167639113,0.03722952194807555,8.81,True,False,11.958264911544802,-3.1482649115448016
2026-05-11,-1.299862447809385,11.8,5.2,-0.2381623039596831,-0.7549042505058761,10.86,0,5,20,-0.9231006460898721,-0.031425023511848615,-0.23598721071612533,-0.7561949226140384,-0.4799487015256576,-0.2932401392313029,0.21844955967774188,-1.7612211221140457,0.0706066291462303,-0.8974190965321751,-2.2348343745888224,0.008667628741888886,-0.9193483384718796,11.51,True,False,10.348552076806953,1.1614479231930463
2026-05-12,-0.8404067911827476,16.6,4.9,-1.3736575927531276,-0.4053798131404683,10.71,1,5,20,-0.9489173103165721,-0.7911182051659122,-0.4323656301644328,-1.2673057123748743,-0.6773635587168193,-0.2888953044729678,-0.7822806804790162,1.4122003380535784,-1.2532676673455896,0.34364689294961204,2.3790636470244846,-1.3634774084699057,0.2477795644508981,10.43,True,False,11.412630361438929,-0.9826303614389289
2026-05-13,-1.0241890538334026,13.8,7.9,-0.07934421884775517,1.013278197342658,10.25,2,5,20,-1.0286621175945998,-0.7237979760404626,-0.08144088061775295,-0.8088342398319319,-0.70098584932089,-1.4305006372255245,-0.4296917875740446,-0.6885935532657946,1.5689060699151713,1.3326956508508065,-0.912459848712862,1.8830022411025393,1.2336449254129769,9.65,True,False,10.407488179657612,-0.7574881796576118
2026-05-14,-1.1569206879699867,13.6,6.7,-0.25977020669600015,-0.22804756183007763,10.53,3,5,20,-0.9804710110380939,-0.7327145626795962,0.15676962818048965,-0.992222828849109,-1.2088650973084083,-0.1292226271041517,1.0014043071578997,-0.5218638793515582,-0.14397394402922123,-1.1280386386389443,-0.755842290530843,-0.2086660872269892,-0.9377365670000137,9.93,True,False,10.813914889367702,-0.883914889367702
2026-05-15,-1.1092734346901874,14.2,5.9,-0.5763259817830404,-0.44907036781114423,10.0,4,5,20,-1.0711161876562838,-0.4036925156956178,0.1370155859874646,-1.1246701431392923,-0.7532923499441893,-0.3106194782646438,-0.25080477573255167,0.06724763514540814,-0.30208594531639565,-0.1841627807380444,0.09766352108474302,-0.3788605280914741,-0.33835405378098726,11.27,True,False,10.175331284796123,1.094668715203877
2026-05-16,-0.8812472939940044,15.1,7.1,-1.213759112504384,-0.7035035979521398,10.28,5,5,20,-1.0229250810997776,-0.8718133142500584,-0.6392020719502252,-1.0771249533940983,-0.935521448889877,-0.6288786243126925,-0.47376539918716604,0.6563591496423755,-0.6747785197790217,-0.21507055442245693,0.9686773168640674,-0.8050736647835864,-0.38700748735165713,12.61,True,False,10.624538448923055,1.9854615510769449
2026-05-17,-0.6532211532978214,17.7,8.5,-0.042610784196016334,-0.7086436632075133,11.27,6,5,20,-0.853108800853042,-0.7822016185267786,-0.8564965360735005,-0.8495872596135269,-1.0671313536839846,-1.2697417511671247,-0.7304293726988735,0.6563591496423755,1.4258523544648711,0.015548987684312149,0.8367464810813178,1.6561406514503259,-0.14284584328931882,13.02,True,False,12.30062294937914,0.7193770506208601
2026-05-18,-0.5834519609952579,18.8,8.5,0.10540334954775307,-0.37196938898053983,12.3,0,5,21,-0.6758343731630382,-0.5008833100621588,-0.8216364616152212,-0.6220495658329555,-1.0198867724758436,-0.09229153165830267,-0.7356145034768877,0.13949716050824415,0.23750263050491452,0.33175928768637636,0.12642896839302456,0.1765477417964423,0.22687151806567507,14.73,True,False,13.846922998920178,0.8830770010798226
2026-05-19,-0.2924633784650541,19.2,11.4,1.1620297933536419,0.897626729096751,13.45,1,5,21,-0.47733291044219184,0.47949539091042753,-0.0977089153649501,-0.5524298237060642,-0.7937877052654533,0.05651905881467545,-0.39598843751695195,0.8619924141366004,1.2928374962391525,1.194799429797275,0.9390084269679861,1.2128801479576872,1.0753559222109192,16.23,True,False,15.732395238908644,0.4976047610913561
2026-05-20,-0.03721023589470004,20.1,12.5,0.7612031975949655,0.7537049019462888,14.66,2,5,21,-0.2696521893296304,0.811192413886144,0.5634704968604167,-0.2620645577622004,-0.567688638055063,1.1188311572276162,0.8847388646525784,0.7452816423966347,-0.3999648032560763,-0.1128371491586316,0.6964132735620159,-0.39503356878333223,-0.23268928352648433,17.93,True,False,17.06620451360726,0.8637954863927391
2026-05-21,0.2520766590183678,23.3,12.9,0.22316641946067967,-1.297181134947796,16.3,3,5,21,0.012036302566137138,0.859787811069416,0.1451496033610632,-0.007358184127232354,-0.49850907271457046,0.7158477333920316,0.7395552028681781,0.8564347583394584,-0.5593316616963215,-1.8769577702227815,0.7203518243100544,-0.5595111686948332,-1.545493259746802,19.62,True,False,19.64641517819245,-0.02641517819244754
2026-05-22,0.5396618663143002,22.8,14.2,-0.3548449787357933,-0.6032723254723535,17.93,4,5,21,0.2925773871629398,0.2338434290023345,-0.5334598460934437,0.2813090393257313,-0.2099796660505648,0.17491580597930828,-1.3293119775595243,0.8508771025423182,-0.6057613763600171,0.6622347140043241,0.6341059580146757,-0.6471608640859534,0.839440232223776,26.41,True,False,20.086259292284183,6.323740707715817
2026-06-23,1.6951077583494363,34.5,19.0,-0.20250926444476064,-0.500471020364881,21.32,1,6,26,0.8766077023358343,-0.1638363351029602,-1.1005170572814573,0.5682782202877955,0.04311630470733475,-0.4062058429480163,-0.6293193225275947,3.6852815590843284,0.24252205911720567,0.11540487189549001,2.7047244737511673,0.19012773299493563,-0.030526940691094715,29.17,True,False,27.906286996554584,1.2637130034454174
2026-06-24,2.164773540678888,36.2,23.5,-0.955544674805399,-0.657243010653777,25.07,2,6,26,1.5214506043538432,-0.6502361362676232,-0.8111784392777376,1.7212490716087507,0.3299584048996208,-0.2530504177167031,-0.5256167069673092,1.4455462728364268,-0.8090482351578129,-0.12472475442186684,0.718391292666729,-0.8982206612217749,-0.2940350307495314,26.96,True,False,29.288845527509654,-2.328845527509653
2026-06-25,1.7887005772918996,32.2,21.1,-0.49205516111140496,0.7948254239892779,27.51,3,6,26,1.9425490830737884,-0.7068564614261116,-0.1790490891009359,2.1899087990970925,0.6151131986201879,-1.0101378743566005,-0.6837631956967449,-1.3166086583427503,0.6039209192021768,1.363603424535219,-0.7638880672954617,0.6290050030428933,1.4022214249307554,28.83,True,False,26.4080538746523,2.4219461253476986
2026-06-26,2.1069161616962737,36.1,24.0,-1.4428028815093412,-0.4799107593433864,28.32,4,6,26,2.081385366248485,-1.2186685345123012,-0.1697530692453951,1.8146414086082392,1.760794292917613,-0.5441543465251572,0.7810362490922925,0.9509149068908577,-1.038687094170138,-1.1589464123233568,0.4294169844233666,-1.1865759908074702,-1.0036696669984235,26.84,True,False,28.54031361509586,-1.7003136150958618
2026-06-27,1.7682803258862712,33.6,22.2,-1.04089589061385,-1.132699046775839,27.54,5,6,26,1.9477124159191284,-1.2538890517368726,-0.3847235284047854,2.132175354406499,2.2264908791121485,-1.5000179933588869,-0.504876183855252,-1.1943402308056426,0.5323940614770263,-0.5835863175827576,-0.7084886265982474,0.5945164949573595,-0.7850997533066704,22.19,True,False,24.922553561837564,-2.7325535618375625
2026-06-28,0.9769955839181736,26.0,17.3,-0.9317759817954506,0.9284671206289931,25.95,6,6,26,1.6740557751161123,-1.4353415898432142,-0.3242993993437675,1.7942648987174417,1.8535961488621764,-1.0959483608337193,-1.163387792663067,-2.672676672845202,0.19232777299429324,1.9270759140125826,-1.5654786987809666,0.15288755957694358,2.538633281300134,19.66,True,False,19.395807469415075,0.26419253058492487
2026-06-29,0.5464686167828429,24.8,14.7,-1.4654911793824739,-0.6007022928446668,22.9,0,6,27,1.1479695285409213,-1.4447040058143021,-0.3789135159950719,1.0046751404490408,2.169122459073691,-0.9862412831857573,0.9158496493206645,-1.494453643851269,-0.5543122330840313,-1.39432099653542,-1.0784240231382616,-0.7139814634430551,-1.1433577407649804,20.54,True,False,19.332078925000474,1.2079210749995255
2026-06-30,0.6962171270907838,24.5,15.5,-1.3985066808998923,-1.0812983942221028,20.8,1,6,27,0.7865362293671265,-1.5922735146919398,-0.3556734663562184,0.5750703902513946,1.8333484712015442,-1.5228283758401464,-0.6267267571385876,0.40070698297387985,0.14338834402445336,-0.42429240705540217,0.22713179419569673,0.10238383482033046,-0.6359642217700103,21.07,True,False,20.89190596205431,0.1780940379456908
2026-07-01,0.7864065707989758,26.7,14.5,-0.9793133678153473,-0.37196938898053983,20.42,2,7,27,0.7222814206251184,-1.611890005298031,-0.9436467222191992,0.7244981294505757,1.0487509618520559,-1.455483437085952,-1.1115364848829241,0.2061890300739391,0.5524717759261918,0.6764998403202064,0.0712505668557488,0.6149548556843519,0.7617744304090995,21.42,True,False,20.2850097937528,1.1349902062472026
2026-07-02,0.8459656373987253,28.6,16.9,-0.9123288693327656,0.47614137815611185,21.01,3,7,27,0.8232532629339885,-1.383625387336246,-0.4567676822852292,0.8144943814682646,0.621862424507065,-1.0340344655274436,-0.39598843751695195,0.10615122572539769,0.14338834402445336,0.8048859771631501,-0.0043318200167914,0.09423092050923065,0.6727747119152246,20.9,True,False,20.28143148340296,0.6185685165970369
2026-07-03,0.7574778813076687,26.8,15.2,-1.6772486261983781,-0.544161575035557,21.13,4,7,27,0.8439065943153479,-1.4986493549810513,-0.21390916355921527,0.8739258686497573,0.7703453940183659,-0.9666895267732492,0.45955814085540636,-0.37736482862588916,-0.8228516638416138,-0.9235718281112936,-0.34053535472351376,-1.0214249893683303,-0.8900462236287918,22.35,True,False,19.990362803203638,2.3596371967963634
2026-07-04,1.0042225857923448,28.3,16.3,-0.8107717264720772,0.18829772385518792,21.56,5,7,27,0.9173406614490718,-1.4290999791958208,0.039407377504282276,0.785627659122968,0.8597726370194906,-1.735725278998568,-0.5696903185804307,0.7174933634109303,1.0719826372983363,0.6978975297940307,0.4295483211587777,1.3351646464240672,0.6068247985476964,23.13,True,False,21.955984234789696,1.174015765210303
2026-07-05,1.1369542199289284,30.5,16.6,-0.8042893556511819,-0.1689368113932806,22.13,6,7,27,1.0154439855105297,-1.3845170460001603,-0.2522552454633225,1.0318438203034375,0.9188283635296675,-0.8645859099523737,0.16919081728660623,0.3451304250024671,0.07311634345237632,-0.31017139652834114,0.1460436100675266,0.012001912531736254,-0.4229157544378801,24.67,True,False,21.572091676282113,3.0979083237178884
2026-07-06,1.3990141129678257,33.2,17.2,-1.6027013617580856,-0.0661355062858076,23.38,0,7,28,1.2317302613653254,-1.3537548220951536,-0.036122783821989975,1.1642911345936204,0.8310884270002618,-0.8580686578148708,-0.19117577178538717,0.767512265585201,-0.8617522355868714,0.11540487189549042,0.40654316230818255,-1.0472718406401538,-0.04557629835985298,24.46,True,False,24.87105011909551,-0.4110501190955098
2026-07-07,1.363278673007976,31.1,17.0,-1.450365647467052,-0.17407687664865415,24.09,1,7,28,1.3527817314060726,-1.6176857866134664,-0.19996513377590314,1.4257896781921882,1.0757478653995651,-1.6607768794172872,-0.08747315622510125,-0.20507749891451071,0.24252205911720656,-0.07955185442157203,-0.2109139588330758,0.23428074211789998,-0.2304950354514063,26.25,True,False,24.290051846035364,1.9599481539646355
2026-07-08,1.6678807564752651,33.7,20.1,-1.7496351003650394,-1.5259140388119232,25.13,2,7,28,1.5317772700445227,-2.007786452075501,-0.8135024442416225,1.3901307858832925,1.2073577701936724,-1.5076214541859734,-0.19636090256340136,0.906453660513729,-0.28200823086723104,-1.2302720439027697,0.46081655875133104,-0.4372647093064071,-1.3454428160933207,27.93,True,False,26.41929899434674,1.5107010056532602
2026-07-09,1.9537642761540617,34.8,21.6,-2.360058352665987,-1.194379829840323,26.21,3,7,28,1.7188046597757252,-2.3203128137770834,-1.3236215338144448,1.6940803917543543,1.4672029668384499,-1.8085012612006817,-1.5600502971811603,0.8453194467451761,-0.6434070909522013,0.32700424558108243,0.3853271839745372,-0.947949391267859,0.39126346066796275,26.37,True,False,26.746707964036236,-0.3767079640362354
2026-07-10,1.6883010078808938,31.9,20.8,-1.6178268936735074,-0.025014984242818394,26.85,4,7,28,1.8283820568268276,-2.3894163602303586,-1.256225389861772,1.9793515302255185,1.4317695309323437,-2.4222091708155196,-1.2256093619992383,-0.9553610315285714,0.9276740646949629,1.102076108744038,-0.6001852912819785,1.316603987784861,1.4263870994809449,23.77,True,False,24.50967201093369,-0.7396720109336918
2026-07-11,1.245862227425613,34.1,17.7,-0.6249437629397526,0.36820000779326534,26.02,5,7,28,1.686103551755238,-1.925308025663528,-0.3998295606700391,1.7144569016451519,1.7337973893701037,-1.6759838010714603,-0.04599211000098688,-1.5333572344312574,1.2188009242078568,0.3840647508446127,-0.9516442162390606,1.5122031118710326,0.19788066834466936,22.63,True,False,21.245722087531753,1.3842779124682458
2026-07-12,1.0518698390721437,29.9,16.1,-0.8939621520068962,1.3345322758035107,24.26,6,7,28,1.3820406175296647,-1.3203176221984079,0.7435808815615282,1.272965854011207,2.017264876618951,-0.6777580153439623,0.35067039451710624,-0.721939488048642,-0.24687223058119212,0.9142519455849166,-0.5352734506970561,-0.3404205277726792,0.5969002044315572,21.21,True,False,20.08839422067993,1.1216057793200704
2026-07-13,0.8102301974388756,28.6,14.1,-0.691928261422335,1.3550925368250057,22.54,0,7,29,1.0860095343968423,-0.9382418847115928,1.36757621436473,1.0793890100486312,1.754045067030736,-0.9482239790503247,1.325474980783793,-0.8775538503685942,0.3002454881585553,0.039324198210783506,-0.656877279266483,0.2733284992007103,-0.12496837870407307,22.79,True,False,20.964069297258753,1.8259307027412461
2026-07-14,1.0790968409463149,31.5,14.6,-0.7254205106636253,0.6534736294665026,22.21,1,7,29,1.029786576747585,-0.9797040125835578,1.4965584898603659,0.8382669763408617,1.3153453843837097,-0.7451029540981574,1.3462155038958508,0.7897428887737634,0.02668662878868247,-0.6287592175830532,0.47160841357693584,-0.03981441946339723,-0.5561412539645433,24.81,True,False,23.6492792988745,1.1607207011254985
2026-07-15,1.422837739607725,30.8,16.8,-1.4341597204148147,0.5172619001991011,22.94,2,7,29,1.1548539723347084,-1.2026186785618624,1.127041700602602,1.1065576899030278,1.122992446607706,-0.7787754234752542,0.6384451526968993,1.034279743847977,-0.757599091881828,-0.10570458600069002,0.5878942823573545,-0.9173039373579025,-0.23322531990960796,25.22,True,False,25.179651325291932,0.04034867470806702
2026-07-16,1.4926069319102886,30.8,17.2,-1.9808396596436286,0.3039491921010948,24.27,3,7,29,1.3849091357770755,-1.7344930715860984,0.6517826854880588,1.4495622730647846,0.8833949276235613,-1.4913283238422166,0.5010391870795208,0.13949716050824415,-0.5693705189209056,-0.17703021758010326,-0.005036507561804091,-0.7992232925725277,-0.2929553617294141,22.53,True,False,25.13125353741332,-2.601253537413317
2026-07-17,1.0348529629007872,29.0,15.1,-0.6422300851288064,-0.544161575035557,24.19,4,7,29,1.3699928408905386,-1.7001642130254402,0.11028952890278383,1.519182015191676,1.1499893501552152,-2.0409499207716117,0.28585625979192764,-1.5833761366055261,1.6203552131911572,-0.7642779175839377,-1.0179553967730937,2.1883269225328874,-0.793320794019825,20.7,True,False,22.350028533938087,-1.6500285339380873
2026-07-18,0.7234441289649549,25.9,15.1,0.028695294833828544,-1.0067674480191848,22.82,5,7,29,1.1342006409533485,-1.09651129755619,-0.5787779428892073,1.0624085851396337,1.49082525744252,-0.6951373543773032,-0.5696903185804307,-1.1054177380513854,0.8448534925921576,-0.40764975968687195,-0.8088021478832647,0.8634734310989213,-0.6072690466912116,20.23,True,False,20.01900726368342,0.21099273631658022
2026-07-19,0.6434648109595775,27.1,14.3,-0.9836349483626106,-0.6726632064198981,21.15,6,7,29,0.8479225198617233,-0.6850108241602385,-1.0203388860274143,0.7516668093049723,1.5600048227830126,-0.0206017581457733,-1.0363520886017166,-0.3495765496401808,-1.1102139518952885,0.3293817666337293,-0.3276171090446591,-1.1681235344116412,0.27211119771528675,20.76,True,False,18.11281970884138,2.647180291158623
2026-07-20,0.7336542546677695,26.3,15.6,-1.8673981702779652,-1.631285376547083,20.56,0,7,30,0.7463769739033714,-1.1905812865990346,-1.5118659358891544,0.6718588122326825,1.106119381890513,-1.0383793002857786,-0.699318588030788,0.2061890300739391,-0.9608859506796237,-0.8665113228477628,0.07450182252823002,-1.194982853572132,-1.1597319218961522,10.28,True,False,20.901211342207745,-10.621211342207745
2026-03-31,-0.8982641701653612,13.7,8.7,1.783256997022748,-0.7934547399211784,11.17,1,3,14,-1.1107017394705565,1.0786900130601103,-1.2771414345367398,-0.8665676845225248,-0.8106607699826465,1.743401153738292,-0.8211691613141235,-0.5829980931201121,-0.6296036622684013,0.1582002508431382,-0.7960790911464984,-0.5489168929581252,0.029503429110363806,10.28,False,True,9.927540188249239,0.35245981175076047
2026-04-01,-1.0497143680904382,13.6,6.2,1.1847180912267739,-0.6443928475153428,10.73,2,4,14,-1.1107017394705565,1.0786900130601103,-1.2771414345367398,-0.8665676845225248,-0.8106607699826465,1.743401153738292,-0.8211691613141235,-0.5829980931201121,-0.6296036622684013,0.1582002508431382,-0.7960790911464984,-0.5489168929581252,0.029503429110363806,7.87,False,True,7.632749307459754,0.237250692540246
2026-04-02,-1.45982108382014,12.0,4.4,-0.2911016656636593,-1.353721852756906,9.77,3,4,14,-1.1107017394705565,1.0786900130601103,-1.2771414345367398,-1.0176934662126058,-0.8106607699826465,1.141641539708875,-0.670800368751709,-1.4277617742855735,-1.6485476705635262,-0.6358917807409942,-2.068595060681049,-1.4596459087726235,-0.885636965549959,9.41,False,True,7.976847295168184,1.4331527048318158
2026-04-03,-1.1977611907812433,13.1,5.6,1.7130313131297181,1.092949208800949,9.19,4,4,14,-1.2116735817794264,1.0497111064829303,-0.4242316127908349,-1.4269217065194542,-0.8106607699826465,-0.34211953026257347,-1.3863484161176816,0.7675122655851996,2.393347219484011,2.2837040719096477,1.4680792693900218,2.435479679645591,3.409270528808835,10.15,False,True,9.227013369375818,0.9229866306241821
2026-04-04,-1.071836307113202,14.7,4.7,0.8422328328561532,1.632656060615182,9.14,5,4,14,-1.219131729222695,0.9083832082526841,0.6053025862103525,-1.165423162920887,-0.960831045965667,1.6727975889153455,1.081773834217121,0.32289980181390376,-0.9458276648427503,0.5195834508454981,0.5057041497248619,-0.8067484055423362,0.20433611933201912,7.65,False,True,8.636462419424348,-0.9864624194243472
2026-04-05,-1.4972582113971253,10.6,4.7,-0.24248388450694636,1.7174671373288468,9.07,6,4,14,-1.2317532095113037,0.9284455281907323,1.9938955521318182,-1.039768018594303,-1.3674719056500257,0.7973133851108154,1.626212565908622,-1.4777806764598447,-1.1942893811511666,0.09876222452696022,-2.166194368027936,-1.1196157373719458,-0.08954562609142325,9.19,False,True,7.929094625250265,1.2609053747497345
2026-04-06,-1.2351983183582287,15.2,3.0,-0.21115242553928718,0.15488729969525902,9.0,0,4,15,-1.2443746897999122,0.13442348797600967,1.5697646462227506,-1.4642786413192497,-1.1076267090052487,-0.2932401392313029,1.7117672237458574,0.767512265585199,0.10197805797305068,-1.4252287702198316,1.514351146264902,0.041204009343403965,-1.0020648184447496,11.2,False,True,11.083428112700368,0.11657188729963153
2026-04-07,-0.8931591073139542,17.9,5.3,0.3150000060900252,0.2114280175043693,9.35,1,4,15,-1.18413580660428,-0.08314122601881682,0.9271772737084659,-1.2027800977206826,-0.9827660300980181,-0.2617400872333732,0.13548746722951313,1.0287220880508359,0.6767026340803999,0.07260949294784265,1.6574970318726219,0.6342919811189826,-0.09164789820951721,9.89,False,True,11.56690831855105,-1.6769083185510496
2026-04-08,-1.1160801851587299,14.1,5.4,1.222531921015329,0.11119674502458306,10.09,2,4,15,-1.0556261891202638,0.5214033481143469,0.2009257224943098,-0.8614735570498254,-1.4045926480278508,0.2672435445939293,0.1925239057876705,-0.8164196366000415,1.1196672091151045,-0.07241929126363088,-1.102672210456102,1.0119586399861342,-0.21689936532170187,8.62,False,True,11.08949634377727,-2.469496343777271
2026-04-09,-1.3321945125349632,9.9,6.3,1.3240890638760174,-0.34626906270367125,9.9,3,4,15,-1.08832729714075,1.1549268288246914,-0.025664761484506353,-1.0839171233576974,-1.144747451383074,1.1796588438443085,0.09141385561639168,-0.7941890134114781,0.18354377292278348,-0.40289471758157785,-1.196806764563396,0.10367420724561087,-0.5114422255828315,9.47,False,True,10.193403006382688,-0.7234030063826875
2026-05-11,-1.1875510650784291,12.7,6.0,-0.4045431550293219,-0.8165850335703598,9.33,0,5,20,-1.1875780285011732,0.8580044937415874,-0.4904657542615663,-1.2995685197019706,-0.8055988505674886,1.2817624606651838,-0.3700627836268801,0.3840340155824576,-1.9421842443825654,-0.41478232284481353,0.6698944792412435,-1.6811615822871662,-0.5825435385783531,9.65,False,True,10.500028952400086,-0.8500289524000859
2026-05-12,-1.1569206879699867,13.1,5.3,0.06218754407511897,0.6894540862541182,9.25,1,5,20,-1.2013469160887464,0.37918379122018836,-0.22901519582447022,-1.1552349079754884,-1.0266359983627207,-0.45617144266887044,-0.8445022498151878,0.011671077173996357,0.6076854906613945,1.413531366640808,0.015370352185509886,0.5797649470362077,1.5639808694329478,8.78,False,True,10.394739920370945,-1.6147399203709458
2026-05-13,-1.304967510660792,12.0,6.2,1.173914139858616,0.707444314647926,9.3,2,5,20,-1.192167657697031,0.3172135140782208,0.24740582177201623,-1.1246701431392923,-1.2409239202710758,0.013070711231323475,0.6747410681429995,-0.5718827815258299,1.3568352110458668,0.03694667715813603,-0.8822334348490932,1.28387130158466,-0.12474319410266839,8.53,False,True,10.15398962800193,-1.6239896280019313
2026-05-14,-1.3475097010891846,13.1,4.6,0.40143161703529184,-0.7343439894843818,8.99,3,5,20,-1.2460958007483591,0.6498021957178498,0.28458990119418126,-1.272399839847574,-1.0975028701749325,1.130779452813038,0.6928890258660496,-0.22730812210307505,-0.8316356639131245,-1.3134852807454185,-0.375049174038375,-0.7633944460278062,-1.1388407344153992,9.51,False,True,9.914088104295026,-0.40408810429502573
2026-05-15,-1.1807443146098864,12.9,5.7,-0.9220524255641077,-0.544161575035557,8.94,4,5,20,-1.2541276518411102,0.24365167430537862,-0.273171290138291,-1.3148509021200685,-1.0671313536839846,0.3541402397606317,-0.7615401573669596,0.45628354094529266,-1.4716128119802587,0.19624058768549188,0.8037647110244869,-1.4498008862877367,0.07051767448951152,9.81,False,True,9.477864175235396,0.33213582476460424
2026-05-16,-1.1296936860958156,13.1,5.8,-0.4250706626288233,-1.1918097972126362,9.28,5,5,20,-1.1950361759444421,-0.4161757369904039,-1.1318911242939087,-1.1484427380118893,-1.2139270167235665,-0.9764654049795028,-0.5696903185804307,0.0783629467396913,0.6428214909474335,-0.5788312754774635,0.11846835564496226,0.670435773679654,-0.7952577711153005,10.9,False,True,10.00080479226034,0.8991952077396608
2026-05-17,-0.9442097358280249,16.6,7.3,0.30419605472186745,-0.7266338916013212,10.07,6,5,20,-1.0590684110171573,-0.4563003768664994,-1.1284051168480809,-1.0975014632848956,-1.2561096785165498,-0.47680940777096287,-1.2230167966102312,0.5174177547138455,0.9126157788580903,0.45063534031873187,0.7727036462836078,0.9067998524918269,0.48396325393345113,11.53,False,True,10.371717423967368,1.1582825760326312
2026-05-18,-0.8370034159484764,18.0,6.7,0.5267574529059301,-1.0967185899882235,10.75,0,5,21,-0.9431802738217496,0.14155675728731654,-1.3782356504657505,-0.9124148317768189,-1.0907536442880554,0.25638145769809206,-0.7537624611999378,0.2617655880453499,0.3240877740669394,-0.32205900179157637,0.3343318923723111,0.2511556744450934,-0.54045839004762,14.18,False,True,12.42240432450403,1.7575956754959705
2026-05-19,-0.3860561974075174,18.1,10.5,1.049668699124794,0.810245619755399,12.2,1,5,21,-0.6924717789980223,0.7501137954080871,-0.47303571703242636,-0.8054381548501325,-1.0401344501364753,0.4801404477523518,-1.1270918772169667,1.384412059067873,0.6729380626211804,1.7844246508537562,1.7489260553493242,0.5679310791195304,2.297078230083936,15.16,False,True,15.073141408834502,0.08685859116549821
2026-05-20,-0.21929081092821934,18.2,11.9,1.3078831368237793,1.0595387846410205,13.62,2,5,21,-0.4480740243185986,1.1642892447957793,0.33455600791771495,-0.35545689476168885,-0.8562180447190684,1.005865453510902,0.7965916414263355,0.45628354094529266,0.36549806011834207,0.2509235718963749,0.4273564528580058,0.2638127997640248,0.03149105815769601,16.3,False,True,16.04388947700349,0.2561105229965115
2026-05-21,-0.02529842257475013,20.5,12.0,1.3392145957914392,-0.7857446420381182,15.21,3,5,21,-0.17441738351558264,1.4995529024271494,0.4751583082327752,-0.1890487306535096,-0.7499177370007507,1.2654693303214264,1.0480704841600283,0.5452060336995519,0.10197805797305157,-1.6867560860110131,0.4774030997058394,0.034056053800407424,-1.3144126786818255,19.21,False,True,18.567019902210518,0.6429800977894828
2026-05-22,0.4698926740117368,22.1,16.2,0.05030319757014482,-1.0890084921051633,16.89,4,5,21,0.11415555217397137,1.0871607703672856,-0.3835615259228432,0.0045281133090662035,-0.3027815219951281,1.2969693823193569,-0.8133914651471023,1.528911109793544,-1.4314573830819304,-0.26024345442275176,1.3270434443268868,-1.2503234692399412,-0.4755887279926905,25.35,False,True,20.128020833001912,5.221979166998089
2026-06-23,1.5147288709330529,32.3,19.8,-0.5169042492581689,-0.7703244462719971,20.29,1,6,26,0.6987595709963481,0.3341550286925718,-1.210907293066009,0.49865847816090425,-0.13742548776663366,0.0011224156459019139,-1.1193141810499454,3.3240339322701513,-0.593212804829288,0.315116640317847,2.4872343872304907,-0.6509288740106763,0.26807440734533083,25.28,False,True,26.72906727380694,-1.4490672738069392
2026-06-24,1.502817057613103,31.1,19.4,-0.5190650395318008,-1.5824547566210332,23.28,2,6,26,1.2139454482313765,-0.43267142227279864,-1.5711280624682302,1.5412565675733736,0.054927450009370105,-0.5691371463855839,-0.7978360728130592,-0.12727031775453362,0.06307748622779312,-0.7309926228468782,-0.1636255274343098,0.0007466115188180856,-1.0375976396993076,27.47,False,True,25.460249813283628,2.0097501867163707
2026-06-25,1.8754866457658197,34.0,20.9,-1.5497620000541092,-0.24860782285157224,26.03,3,6,26,1.687824662703685,-1.0929446629005373,-1.1911532508729838,1.529370270137075,0.5459336332796952,-0.5713095637647518,-1.6170867357393173,1.1287598923993762,-1.1315465234975266,1.2542374561134522,0.5714028477683428,-1.2921269177431927,2.0613235874052114,26.13,False,True,27.664873059973303,-1.5348730599733038
2026-06-26,1.6474605050696367,34.8,21.5,-0.3948195987979798,-0.5210312813863756,26.29,4,6,26,1.732573547363298,-1.0425659483894407,-1.0784390101245471,1.901241575644128,1.5819398069153643,-1.6075526536276816,-0.2715452988446088,-0.8330926039914657,1.4070294971687782,-0.2317132017909867,-0.5420231873700497,1.7360433381024638,-0.3868088110063696,22.98,False,True,24.47545476861416,-1.4954547686141595
2026-06-27,1.1114289056718933,28.9,18.2,-0.44343737995469196,0.5789426832635849,25.53,5,6,26,1.6006217079823888,-1.0113578951524786,-0.1011949228107786,1.6737038818635566,1.5701286616133288,-0.4463955644626168,-0.5463572300793664,-1.8390283032740218,0.009118628645662985,1.0378830403225663,-1.1321651218674884,-0.05647973679326518,0.9707210511228578,18.62,False,True,20.892184648643806,-2.2721846486438046
2026-06-28,0.3694931046007309,21.7,15.0,-0.14740911246715319,0.9258970880013059,22.58,6,6,26,1.0928939781906293,-0.43267142227279864,0.42984021143701157,1.138820497230124,1.9396487789198618,-0.4952749554938866,0.5632607564156923,-2.5115046547281072,0.4094180604758899,0.341269371896965,-1.7009982073453045,0.371196765571195,0.1118035950970717,17.36,False,True,16.522826323015813,0.837173676984186
2026-06-29,0.1550804648416332,21.3,12.9,-0.377533276608926,0.021245603055544345,19.65,0,6,27,0.5897558775947275,-0.4255381529614918,0.6750227351269111,0.39847397119781686,1.7135497117094716,-0.19765377454793037,0.9132570839316568,-0.788631357614337,-0.20169737307056995,-0.8165833807421737,-0.6973375463348694,-0.2698325085357947,-0.7328455146065029,17.77,False,True,18.284661644065984,-0.5146616440659848
2026-06-30,0.2248496571441967,23.1,14.3,0.1183680911895436,-1.3794221790337742,17.92,1,6,27,0.2908562762144935,-0.19370690034405535,-0.210423156113388,0.18452061734444342,1.1820481731178827,-0.42901622542927587,0.0006740670011416686,0.13949716050824415,0.6415666337943619,-1.2754449439030646,0.05327758553821073,0.6132397595918179,-1.3143495738970963,18.31,False,True,18.879017929767308,-0.569017929767309
2026-07-01,0.316740788469524,24.8,14.3,0.4230395197716089,-0.40023974788509475,17.81,2,7,27,0.27307146308054453,0.041690986929035466,-0.8100164367957947,0.25414035947133473,0.4463825514482548,0.06955356308968136,-1.412274070007753,0.2117466858710792,0.4194569177004722,0.9261395508481521,0.10895112077287464,0.3515436040319977,1.301571818052495,17.46,False,True,18.258518896422096,-0.7985188964220953
2026-07-02,0.17209734101299037,23.6,14.5,0.5029887598959804,1.0621088172687079,17.85,3,7,27,0.27880849957536635,0.40504189247367106,-0.3394054316090212,0.3458346539799231,0.23378193601161892,0.3758644135523077,-0.4245066567960304,-0.5607674699315458,0.15844662986132682,1.3731135087458077,-0.5226361723462102,0.0909909305117206,1.2733174342388123,17.49,False,True,16.526920645092652,0.9630793549073466
2026-07-03,0.17720240386439706,23.2,13.4,0.16374468693580893,-0.3411289974482977,17.75,4,7,27,0.2627447973898649,0.42376672441584873,0.13004357109580825,0.20150104225344154,0.3029615013521115,0.4562438565815071,1.0506630495490359,-0.07169375978312281,-0.3284379455309231,-1.277822464955712,-0.12679188353832235,-0.3639226956175524,-1.03189614010504,18.52,False,True,17.875286432990592,0.6447135670094077
2026-07-04,0.3524762284293737,21.0,15.7,0.9794430152317656,0.8462260765430142,17.82,5,7,27,0.27479257402899143,0.6533688303735032,0.6936147748379934,0.20659516972614048,0.39407605082495517,0.11517432805220046,-0.3648776528488659,0.484071819930999,1.0130043511039142,1.1187187561125673,0.3433161633849484,0.9293779139466043,0.9847812217475118,18.5,False,True,18.841176204539394,-0.34117620453939423
2026-07-05,0.3490728531951024,21.7,15.7,1.117733592744193,0.4889915412945462,18.17,6,7,27,0.3344577535751413,0.9070457202568136,0.43448822136478293,0.38149354628881876,0.25065500072881247,0.935261888687957,0.8328875568724352,-0.09948203876882722,0.22620891612725963,-0.3101713965283407,-0.1497997978741133,0.1441428008651803,-0.37704477525684854,19.46,False,True,18.32989930466698,1.1301006953330202
2026-07-06,0.5124348644401292,29.6,14.9,0.7266305532168594,-0.17921694190402812,18.83,0,7,28,0.4474773725231381,1.1393228022062072,0.5076943777271695,0.3780974613070192,0.25571692014397,1.0742966009546815,0.4725209678004423,0.44516822935101047,-0.3886710888784205,-0.5978514438986408,0.28576688973498066,-0.3875205933159856,-0.6285873556465211,19.08,False,True,20.762305246305353,-1.6823052463053543
2026-07-07,0.44777073498897235,24.1,15.5,0.8119817690253112,0.2679687353134791,19.01,1,7,28,0.4796047768941422,1.0702192557529346,0.24624381929007338,0.541109540433399,0.42950948673106126,0.6810890553253512,-0.201546033341416,-0.29955764746591207,0.16472091562669233,0.4339926929502021,-0.3014849963155732,0.09317476436052666,0.2630243597482582,22.07,False,True,19.92158570591485,2.14841429408515
2026-07-08,0.9565753325125451,28.9,16.4,-0.05881671124825451,-1.1532593077973337,20.2,2,7,28,0.6844169797592924,0.5847111132521868,-0.49627576667127987,0.4765839257792066,0.42613487378762266,0.7668995418024708,0.24956034434582744,1.5733723561706745,-0.9458276648427512,-1.2944651123242412,1.147634140019026,-0.9016789082067901,-1.2478759846232264,22.76,False,True,23.340464617172533,-0.580464617172531
2026-07-09,1.0739917780949082,30.2,15.3,-0.2965036413477382,-1.5027837451627417,21.3,3,7,28,0.8737391840884228,0.16251073588927525,-1.0947070448717438,0.9842986305582433,0.5881162950726785,-0.10858466200206005,-1.1841283157751241,0.29511152282819836,-0.21048137314207968,-0.3030388333703998,0.1161530170441101,-0.2751469305826874,-0.5955197514147064,25.33,False,True,22.65685180602804,2.673148193971958
2026-07-10,1.511325495698781,35.0,15.4,-0.9685094164471887,-1.325451493852351,23.39,4,7,28,1.232303965014807,-0.572216003175218,-1.8151485836761867,1.1014635624303288,0.5239986491473435,-0.34755057371049203,-1.536717208680096,1.3399508126907413,-0.7149339486773518,0.18435298242225642,0.7875560531723839,-0.8126873430742618,0.14167941368439155,22.98,False,True,24.8281079323603,-1.8481079323602998
2026-07-11,1.1114289056718933,30.3,16.7,-0.4510001459124029,-0.28972834489456145,23.69,5,7,28,1.284510997117689,-0.7340520506754686,-1.4247157497434564,1.5378604825915736,1.0285032841914237,-1.0231723786316056,-1.3578301968386028,-1.3944158395027255,0.6666637768558176,0.9784450140063883,-0.9037760638190374,0.7034443846976224,1.3419845309444807,21.17,False,True,20.808701063674363,0.3612989363256389
2026-07-12,0.803423446970333,27.4,16.6,-0.8291384437979459,1.0364084909918392,23.16,6,7,28,1.1932921168500166,-0.9538459113300761,-0.27665729758411883,1.138820497230124,1.1449274307400577,-0.5028784163209731,-0.3130263450687232,-1.0943024264571013,-0.37361280304154615,1.247104892955511,-0.7885671957608693,-0.4668253488467501,1.09417577553775,19.22,False,True,18.943905300279923,0.27609469972007616
2026-07-13,0.4715943616288722,26.7,13.0,-0.5957730942457254,0.9901479036934765,21.12,0,7,29,0.8427591870163839,-0.8000347918050458,0.7703069386462085,0.8314748063772627,1.578565193971925,-0.8830514576752975,1.024737395658964,-1.1721096076170803,0.3366363455976668,-0.02249134915804152,-0.8983171802472643,0.31183905467810197,-0.16696631938676929,20.2,False,True,18.900985543133594,1.2990144568664057
2026-07-14,0.6383597481081702,28.0,13.4,-0.16901701520346946,0.7922553913615912,20.2,1,7,29,0.6832695724603277,-0.68367333616437,1.2595099835440642,0.5003565206518037,1.1820481731178827,-0.6484303807252005,0.9780712186568356,0.45628354094529266,0.5612557759977016,-0.1627650912642205,0.27833908794049894,0.546445041644645,-0.2655995400504299,22.48,False,True,20.953761958871326,1.526238041128675
2026-07-15,1.0263445248151086,29.6,14.4,-0.8312992340715778,0.5429622264759693,20.63,2,7,29,0.7584247505424986,-0.6845649948282843,1.0364055070110754,0.666764684759983,0.8766457017366842,-0.21937794833960558,0.7784436837032854,1.178778794573649,-0.7036402342996969,-0.2103155123171628,0.7871768935210104,-0.785594357295813,-0.3068366534225488,23.44,False,True,22.92478103896331,0.5152189610366911
2026-07-16,1.1897065360601353,30.0,13.9,-1.33152218241731,-0.07384560416886836,22.04,3,7,29,1.000527690623993,-0.9881747698907352,0.5553364794868182,1.0539183726851347,0.5476209397514142,-0.8852238750544654,0.5269648409695921,0.44516822935101047,-0.5154116613387737,-0.5503010228456984,0.21022355513785818,-0.6577867338019197,-0.584343592493152,21.96,False,True,23.899979568026005,-1.9399795680260041
2026-07-17,0.9378567687240527,28.4,14.6,-0.9782329726785316,-0.5261713466417491,22.63,4,7,29,1.101499532932862,-1.3221009395262355,-0.0407707937497613,1.2169304518115143,0.7129769739799087,-1.3881384983317568,-0.09525085239212298,-0.9108997851514428,0.47592548958874925,-0.3981396754762837,-0.6600953461741975,0.5125944376627319,-0.5287883170772716,19.29,False,True,21.754191901598375,-2.464191901598376
2026-07-18,0.4835061749488221,24.9,13.5,-0.30298601216863347,-0.25374788810694576,21.56,5,7,29,0.9184880687480357,-1.104090396199454,-0.400991563151982,0.9656201631583458,1.0976828495319162,-1.03294825683786,-0.5515423608573806,-1.572260825011246,0.8498729212044487,0.2723212613701992,-1.1406640872449958,0.918305470428071,0.13763627383924112,19.81,False,True,18.282177783643355,1.5278222163566433
2026-07-19,0.5719939310398781,25.3,15.0,-0.7535107842208377,-1.569604593482599,20.35,6,7,29,0.7102336439859923,-0.8655717036026678,-1.0772770076426044,0.5122428180881022,1.259664270816972,-0.354067825847995,-0.276730429622623,0.20063137427679703,-0.457688232297425,-1.1969867491657102,0.08073668296118945,-0.5442387081315379,-1.3445524401657905,21.37,False,True,18.99769596438847,2.3723040356115312
2026-07-20,0.8374571993130467,25.8,16.7,-1.5616463465590835,-1.6158651807809619,20.16,0,7,30,0.6763851286665413,-1.1063195428592378,-1.5699660599862872,0.6005410276148911,1.009942913002511,-0.8070168494044331,-1.6041239087942818,0.7786275771794832,-0.8730459499645262,-0.02249134915804152,0.506595169108543,-1.0512509128569087,-0.2129670088796763,21.37,False,True,21.716750561473518,-0.3467505614735167
